{
    "MAE": 0.49386110572816655,
    "RMSE": 0.5733907161996653,
    "R2": -0.4740401351027772
}